areaCode,areaName,areaType,date,cumCasesBySpecimenDate
K02000001,United Kingdom,overview,2020/1/30,1
K02000001,United Kingdom,overview,2020/1/31,1
K02000001,United Kingdom,overview,2020/2/1,1
K02000001,United Kingdom,overview,2020/2/2,2
K02000001,United Kingdom,overview,2020/2/3,21
K02000001,United Kingdom,overview,2020/2/4,21
K02000001,United Kingdom,overview,2020/2/5,22
K02000001,United Kingdom,overview,2020/2/6,22
K02000001,United Kingdom,overview,2020/2/7,22
K02000001,United Kingdom,overview,2020/2/8,25
K02000001,United Kingdom,overview,2020/2/9,26
K02000001,United Kingdom,overview,2020/2/10,27
K02000001,United Kingdom,overview,2020/2/11,31
K02000001,United Kingdom,overview,2020/2/12,32
K02000001,United Kingdom,overview,2020/2/13,33
K02000001,United Kingdom,overview,2020/2/14,33
K02000001,United Kingdom,overview,2020/2/15,33
K02000001,United Kingdom,overview,2020/2/16,33
K02000001,United Kingdom,overview,2020/2/17,34
K02000001,United Kingdom,overview,2020/2/18,34
K02000001,United Kingdom,overview,2020/2/19,34
K02000001,United Kingdom,overview,2020/2/20,34
K02000001,United Kingdom,overview,2020/2/21,36
K02000001,United Kingdom,overview,2020/2/22,36
K02000001,United Kingdom,overview,2020/2/23,42
K02000001,United Kingdom,overview,2020/2/24,44
K02000001,United Kingdom,overview,2020/2/25,47
K02000001,United Kingdom,overview,2020/2/26,49
K02000001,United Kingdom,overview,2020/2/27,57
K02000001,United Kingdom,overview,2020/2/28,69
K02000001,United Kingdom,overview,2020/2/29,73
K02000001,United Kingdom,overview,2020/3/1,93
K02000001,United Kingdom,overview,2020/3/2,134
K02000001,United Kingdom,overview,2020/3/3,191
K02000001,United Kingdom,overview,2020/3/4,247
K02000001,United Kingdom,overview,2020/3/5,296
K02000001,United Kingdom,overview,2020/3/6,379
K02000001,United Kingdom,overview,2020/3/7,447
K02000001,United Kingdom,overview,2020/3/8,502
K02000001,United Kingdom,overview,2020/3/9,650
K02000001,United Kingdom,overview,2020/3/10,915
K02000001,United Kingdom,overview,2020/3/11,1318
K02000001,United Kingdom,overview,2020/3/12,1802
K02000001,United Kingdom,overview,2020/3/13,2280
K02000001,United Kingdom,overview,2020/3/14,2632
K02000001,United Kingdom,overview,2020/3/15,3073
K02000001,United Kingdom,overview,2020/3/16,3675
K02000001,United Kingdom,overview,2020/3/17,4458
K02000001,United Kingdom,overview,2020/3/18,5439
K02000001,United Kingdom,overview,2020/3/19,6481
K02000001,United Kingdom,overview,2020/3/20,7733
K02000001,United Kingdom,overview,2020/3/21,8914
K02000001,United Kingdom,overview,2020/3/22,10277
K02000001,United Kingdom,overview,2020/3/23,12567
K02000001,United Kingdom,overview,2020/3/24,14921
K02000001,United Kingdom,overview,2020/3/25,17587
K02000001,United Kingdom,overview,2020/3/26,20626
K02000001,United Kingdom,overview,2020/3/27,23780
K02000001,United Kingdom,overview,2020/3/28,26554
K02000001,United Kingdom,overview,2020/3/29,29372
K02000001,United Kingdom,overview,2020/3/30,33567
K02000001,United Kingdom,overview,2020/3/31,38030
K02000001,United Kingdom,overview,2020/4/1,42921
K02000001,United Kingdom,overview,2020/4/2,47745
K02000001,United Kingdom,overview,2020/4/3,52597
K02000001,United Kingdom,overview,2020/4/4,56573
K02000001,United Kingdom,overview,2020/4/5,60129
K02000001,United Kingdom,overview,2020/4/6,65402
K02000001,United Kingdom,overview,2020/4/7,70879
K02000001,United Kingdom,overview,2020/4/8,76025
K02000001,United Kingdom,overview,2020/4/9,80900
K02000001,United Kingdom,overview,2020/4/10,85227
K02000001,United Kingdom,overview,2020/4/11,88812
K02000001,United Kingdom,overview,2020/4/12,92319
K02000001,United Kingdom,overview,2020/4/13,96522
K02000001,United Kingdom,overview,2020/4/14,100857
K02000001,United Kingdom,overview,2020/4/15,105927
K02000001,United Kingdom,overview,2020/4/16,111219
K02000001,United Kingdom,overview,2020/4/17,116196
K02000001,United Kingdom,overview,2020/4/18,120939
K02000001,United Kingdom,overview,2020/4/19,124820
K02000001,United Kingdom,overview,2020/4/20,129261
K02000001,United Kingdom,overview,2020/4/21,134056
K02000001,United Kingdom,overview,2020/4/22,139573
K02000001,United Kingdom,overview,2020/4/23,144740
K02000001,United Kingdom,overview,2020/4/24,149701
K02000001,United Kingdom,overview,2020/4/25,153458
K02000001,United Kingdom,overview,2020/4/26,156934
K02000001,United Kingdom,overview,2020/4/27,161673
K02000001,United Kingdom,overview,2020/4/28,166393
K02000001,United Kingdom,overview,2020/4/29,171826
K02000001,United Kingdom,overview,2020/4/30,176787
K02000001,United Kingdom,overview,2020/5/1,181553
K02000001,United Kingdom,overview,2020/5/2,184811
K02000001,United Kingdom,overview,2020/5/3,187813
K02000001,United Kingdom,overview,2020/5/4,191211
K02000001,United Kingdom,overview,2020/5/5,194897
K02000001,United Kingdom,overview,2020/5/6,198729
K02000001,United Kingdom,overview,2020/5/7,202516
K02000001,United Kingdom,overview,2020/5/8,205580
K02000001,United Kingdom,overview,2020/5/9,207750
K02000001,United Kingdom,overview,2020/5/10,210087
K02000001,United Kingdom,overview,2020/5/11,213699
K02000001,United Kingdom,overview,2020/5/12,217109
K02000001,United Kingdom,overview,2020/5/13,220439
K02000001,United Kingdom,overview,2020/5/14,223069
K02000001,United Kingdom,overview,2020/5/15,225599
K02000001,United Kingdom,overview,2020/5/16,227681
K02000001,United Kingdom,overview,2020/5/17,229518
K02000001,United Kingdom,overview,2020/5/18,232099
K02000001,United Kingdom,overview,2020/5/19,235162
K02000001,United Kingdom,overview,2020/5/20,237881
K02000001,United Kingdom,overview,2020/5/21,240448
K02000001,United Kingdom,overview,2020/5/22,242505
K02000001,United Kingdom,overview,2020/5/23,244036
K02000001,United Kingdom,overview,2020/5/24,245409
K02000001,United Kingdom,overview,2020/5/25,247034
K02000001,United Kingdom,overview,2020/5/26,249104
K02000001,United Kingdom,overview,2020/5/27,250929
K02000001,United Kingdom,overview,2020/5/28,252686
K02000001,United Kingdom,overview,2020/5/29,254217
K02000001,United Kingdom,overview,2020/5/30,255349
K02000001,United Kingdom,overview,2020/5/31,256429
K02000001,United Kingdom,overview,2020/6/1,257867
K02000001,United Kingdom,overview,2020/6/2,259359
K02000001,United Kingdom,overview,2020/6/3,260728
K02000001,United Kingdom,overview,2020/6/4,261977
K02000001,United Kingdom,overview,2020/6/5,263100
K02000001,United Kingdom,overview,2020/6/6,263904
K02000001,United Kingdom,overview,2020/6/7,264626
K02000001,United Kingdom,overview,2020/6/8,265725
K02000001,United Kingdom,overview,2020/6/9,266890
K02000001,United Kingdom,overview,2020/6/10,268086
K02000001,United Kingdom,overview,2020/6/11,269099
K02000001,United Kingdom,overview,2020/6/12,270152
K02000001,United Kingdom,overview,2020/6/13,271038
K02000001,United Kingdom,overview,2020/6/14,271864
K02000001,United Kingdom,overview,2020/6/15,272909
K02000001,United Kingdom,overview,2020/6/16,274012
K02000001,United Kingdom,overview,2020/6/17,275029
K02000001,United Kingdom,overview,2020/6/18,276051
K02000001,United Kingdom,overview,2020/6/19,277044
K02000001,United Kingdom,overview,2020/6/20,277727
K02000001,United Kingdom,overview,2020/6/21,278363
K02000001,United Kingdom,overview,2020/6/22,279262
K02000001,United Kingdom,overview,2020/6/23,280145
K02000001,United Kingdom,overview,2020/6/24,280922
K02000001,United Kingdom,overview,2020/6/25,281648
K02000001,United Kingdom,overview,2020/6/26,282314
K02000001,United Kingdom,overview,2020/6/27,282967
K02000001,United Kingdom,overview,2020/6/28,283416
K02000001,United Kingdom,overview,2020/6/29,284140
K02000001,United Kingdom,overview,2020/6/30,284763
K02000001,United Kingdom,overview,2020/7/1,285415
K02000001,United Kingdom,overview,2020/7/2,286021
K02000001,United Kingdom,overview,2020/7/3,286589
K02000001,United Kingdom,overview,2020/7/4,286988
K02000001,United Kingdom,overview,2020/7/5,287546
K02000001,United Kingdom,overview,2020/7/6,288260
K02000001,United Kingdom,overview,2020/7/7,288868
K02000001,United Kingdom,overview,2020/7/8,289581
K02000001,United Kingdom,overview,2020/7/9,290303
K02000001,United Kingdom,overview,2020/7/10,290871
K02000001,United Kingdom,overview,2020/7/11,291330
K02000001,United Kingdom,overview,2020/7/12,291696
K02000001,United Kingdom,overview,2020/7/13,292436
K02000001,United Kingdom,overview,2020/7/14,293141
K02000001,United Kingdom,overview,2020/7/15,293918
K02000001,United Kingdom,overview,2020/7/16,294630
K02000001,United Kingdom,overview,2020/7/17,295212
K02000001,United Kingdom,overview,2020/7/18,295717
K02000001,United Kingdom,overview,2020/7/19,296165
K02000001,United Kingdom,overview,2020/7/20,296995
K02000001,United Kingdom,overview,2020/7/21,297783
K02000001,United Kingdom,overview,2020/7/22,298599
K02000001,United Kingdom,overview,2020/7/23,299407
K02000001,United Kingdom,overview,2020/7/24,300181
K02000001,United Kingdom,overview,2020/7/25,300711
K02000001,United Kingdom,overview,2020/7/26,301274
K02000001,United Kingdom,overview,2020/7/27,302143
K02000001,United Kingdom,overview,2020/7/28,302999
K02000001,United Kingdom,overview,2020/7/29,304061
K02000001,United Kingdom,overview,2020/7/30,305007
K02000001,United Kingdom,overview,2020/7/31,305704
K02000001,United Kingdom,overview,2020/8/1,306263
K02000001,United Kingdom,overview,2020/8/2,306827
K02000001,United Kingdom,overview,2020/8/3,307887
K02000001,United Kingdom,overview,2020/8/4,308952
K02000001,United Kingdom,overview,2020/8/5,310044
K02000001,United Kingdom,overview,2020/8/6,311149
K02000001,United Kingdom,overview,2020/8/7,312122
K02000001,United Kingdom,overview,2020/8/8,312832
K02000001,United Kingdom,overview,2020/8/9,313459
K02000001,United Kingdom,overview,2020/8/10,314958
K02000001,United Kingdom,overview,2020/8/11,316336
K02000001,United Kingdom,overview,2020/8/12,317578
K02000001,United Kingdom,overview,2020/8/13,318734
K02000001,United Kingdom,overview,2020/8/14,319919
K02000001,United Kingdom,overview,2020/8/15,320633
K02000001,United Kingdom,overview,2020/8/16,321235
K02000001,United Kingdom,overview,2020/8/17,322533
K02000001,United Kingdom,overview,2020/8/18,323649
K02000001,United Kingdom,overview,2020/8/19,324931
K02000001,United Kingdom,overview,2020/8/20,326429
K02000001,United Kingdom,overview,2020/8/21,327647
K02000001,United Kingdom,overview,2020/8/22,328489
K02000001,United Kingdom,overview,2020/8/23,329320
K02000001,United Kingdom,overview,2020/8/24,330621
K02000001,United Kingdom,overview,2020/8/25,331891
K02000001,United Kingdom,overview,2020/8/26,333279
K02000001,United Kingdom,overview,2020/8/27,334870
K02000001,United Kingdom,overview,2020/8/28,336502
K02000001,United Kingdom,overview,2020/8/29,337732
K02000001,United Kingdom,overview,2020/8/30,338903
K02000001,United Kingdom,overview,2020/8/31,340416
K02000001,United Kingdom,overview,2020/9/1,342704
K02000001,United Kingdom,overview,2020/9/2,345781
K02000001,United Kingdom,overview,2020/9/3,348933
K02000001,United Kingdom,overview,2020/9/4,352025
K02000001,United Kingdom,overview,2020/9/5,354576
K02000001,United Kingdom,overview,2020/9/6,357041
K02000001,United Kingdom,overview,2020/9/7,360972
K02000001,United Kingdom,overview,2020/9/8,364342
K02000001,United Kingdom,overview,2020/9/9,367707
K02000001,United Kingdom,overview,2020/9/10,371335
K02000001,United Kingdom,overview,2020/9/11,374659
K02000001,United Kingdom,overview,2020/9/12,377329
K02000001,United Kingdom,overview,2020/9/13,379483
K02000001,United Kingdom,overview,2020/9/14,382911
K02000001,United Kingdom,overview,2020/9/15,386462
K02000001,United Kingdom,overview,2020/9/16,390861
K02000001,United Kingdom,overview,2020/9/17,395537
K02000001,United Kingdom,overview,2020/9/18,400510
K02000001,United Kingdom,overview,2020/9/19,405399
K02000001,United Kingdom,overview,2020/9/20,410739
K02000001,United Kingdom,overview,2020/9/21,416366
K02000001,United Kingdom,overview,2020/9/22,422807
K02000001,United Kingdom,overview,2020/9/23,429903
K02000001,United Kingdom,overview,2020/9/24,437585
K02000001,United Kingdom,overview,2020/9/25,444903
K02000001,United Kingdom,overview,2020/9/26,451712
K02000001,United Kingdom,overview,2020/9/27,458735
K02000001,United Kingdom,overview,2020/9/28,468718
K02000001,United Kingdom,overview,2020/9/29,479086
K02000001,United Kingdom,overview,2020/9/30,491803
K02000001,United Kingdom,overview,2020/10/1,505161
K02000001,United Kingdom,overview,2020/10/2,519015
K02000001,United Kingdom,overview,2020/10/3,530682
K02000001,United Kingdom,overview,2020/10/4,542636
K02000001,United Kingdom,overview,2020/10/5,559391
K02000001,United Kingdom,overview,2020/10/6,576641
K02000001,United Kingdom,overview,2020/10/7,595217
K02000001,United Kingdom,overview,2020/10/8,613644
K02000001,United Kingdom,overview,2020/10/9,629547
K02000001,United Kingdom,overview,2020/10/10,642199
K02000001,United Kingdom,overview,2020/10/11,654412
K02000001,United Kingdom,overview,2020/10/12,674122
K02000001,United Kingdom,overview,2020/10/13,693257
K02000001,United Kingdom,overview,2020/10/14,713191
K02000001,United Kingdom,overview,2020/10/15,731830
K02000001,United Kingdom,overview,2020/10/16,749768
K02000001,United Kingdom,overview,2020/10/17,764656
K02000001,United Kingdom,overview,2020/10/18,778986
K02000001,United Kingdom,overview,2020/10/19,804912
K02000001,United Kingdom,overview,2020/10/20,830592
K02000001,United Kingdom,overview,2020/10/21,856377
K02000001,United Kingdom,overview,2020/10/22,879874
K02000001,United Kingdom,overview,2020/10/23,901588
K02000001,United Kingdom,overview,2020/10/24,918052
K02000001,United Kingdom,overview,2020/10/25,933957
K02000001,United Kingdom,overview,2020/10/26,960764
K02000001,United Kingdom,overview,2020/10/27,985124
K02000001,United Kingdom,overview,2020/10/28,1009031
K02000001,United Kingdom,overview,2020/10/29,1032680
K02000001,United Kingdom,overview,2020/10/30,1055576
K02000001,United Kingdom,overview,2020/10/31,1072278
K02000001,United Kingdom,overview,2020/11/1,1088279
K02000001,United Kingdom,overview,2020/11/2,1120282
K02000001,United Kingdom,overview,2020/11/3,1146271
K02000001,United Kingdom,overview,2020/11/4,1170326
K02000001,United Kingdom,overview,2020/11/5,1194428
K02000001,United Kingdom,overview,2020/11/6,1218142
K02000001,United Kingdom,overview,2020/11/7,1236925
K02000001,United Kingdom,overview,2020/11/8,1257177
K02000001,United Kingdom,overview,2020/11/9,1288735
K02000001,United Kingdom,overview,2020/11/10,1316564
K02000001,United Kingdom,overview,2020/11/11,1344356
K02000001,United Kingdom,overview,2020/11/12,1369232
K02000001,United Kingdom,overview,2020/11/13,1393670
K02000001,United Kingdom,overview,2020/11/14,1411928
K02000001,United Kingdom,overview,2020/11/15,1428186
K02000001,United Kingdom,overview,2020/11/16,1455193
K02000001,United Kingdom,overview,2020/11/17,1478724
K02000001,United Kingdom,overview,2020/11/18,1499842
K02000001,United Kingdom,overview,2020/11/19,1517916
K02000001,United Kingdom,overview,2020/11/20,1535050
K02000001,United Kingdom,overview,2020/11/21,1547606
K02000001,United Kingdom,overview,2020/11/22,1559519
K02000001,United Kingdom,overview,2020/11/23,1578602
K02000001,United Kingdom,overview,2020/11/24,1595306
K02000001,United Kingdom,overview,2020/11/25,1612164
K02000001,United Kingdom,overview,2020/11/26,1626981
K02000001,United Kingdom,overview,2020/11/27,1641578
K02000001,United Kingdom,overview,2020/11/28,1652683
K02000001,United Kingdom,overview,2020/11/29,1663557
K02000001,United Kingdom,overview,2020/11/30,1681822
K02000001,United Kingdom,overview,2020/12/1,1698567
K02000001,United Kingdom,overview,2020/12/2,1715315
K02000001,United Kingdom,overview,2020/12/3,1731241
K02000001,United Kingdom,overview,2020/12/4,1747107
K02000001,United Kingdom,overview,2020/12/5,1760024
K02000001,United Kingdom,overview,2020/12/6,1773789
K02000001,United Kingdom,overview,2020/12/7,1795433
K02000001,United Kingdom,overview,2020/12/8,1816530
K02000001,United Kingdom,overview,2020/12/9,1838467
K02000001,United Kingdom,overview,2020/12/10,1861394
K02000001,United Kingdom,overview,2020/12/11,1885819
K02000001,United Kingdom,overview,2020/12/12,1905411
K02000001,United Kingdom,overview,2020/12/13,1927690
K02000001,United Kingdom,overview,2020/12/14,1962911
K02000001,United Kingdom,overview,2020/12/15,1997325
K02000001,United Kingdom,overview,2020/12/16,2032763
K02000001,United Kingdom,overview,2020/12/17,2067203
K02000001,United Kingdom,overview,2020/12/18,2103621
K02000001,United Kingdom,overview,2020/12/19,2129210
K02000001,United Kingdom,overview,2020/12/20,2162274
K02000001,United Kingdom,overview,2020/12/21,2210466
K02000001,United Kingdom,overview,2020/12/22,2256942
K02000001,United Kingdom,overview,2020/12/23,2299878
K02000001,United Kingdom,overview,2020/12/24,2332269
K02000001,United Kingdom,overview,2020/12/25,2346688
K02000001,United Kingdom,overview,2020/12/26,2387797
K02000001,United Kingdom,overview,2020/12/27,2436316
K02000001,United Kingdom,overview,2020/12/28,2482723
K02000001,United Kingdom,overview,2020/12/29,2565811
K02000001,United Kingdom,overview,2020/12/30,2637972
K02000001,United Kingdom,overview,2020/12/31,2691917
K02000001,United Kingdom,overview,2021/1/1,2724399
K02000001,United Kingdom,overview,2021/1/2,2786052
K02000001,United Kingdom,overview,2021/1/3,2842385
K02000001,United Kingdom,overview,2021/1/4,2920355
K02000001,United Kingdom,overview,2021/1/5,2986991
K02000001,United Kingdom,overview,2021/1/6,3045775
K02000001,United Kingdom,overview,2021/1/7,3098962
K02000001,United Kingdom,overview,2021/1/8,3147065
K02000001,United Kingdom,overview,2021/1/9,3187100
K02000001,United Kingdom,overview,2021/1/10,3224274
K02000001,United Kingdom,overview,2021/1/11,3282865
K02000001,United Kingdom,overview,2021/1/12,3333512
K02000001,United Kingdom,overview,2021/1/13,3380018
K02000001,United Kingdom,overview,2021/1/14,3423491
K02000001,United Kingdom,overview,2021/1/15,3464941
K02000001,United Kingdom,overview,2021/1/16,3496188
K02000001,United Kingdom,overview,2021/1/17,3525780
K02000001,United Kingdom,overview,2021/1/18,3571736
K02000001,United Kingdom,overview,2021/1/19,3612261
K02000001,United Kingdom,overview,2021/1/20,3648246
K02000001,United Kingdom,overview,2021/1/21,3680747
K02000001,United Kingdom,overview,2021/1/22,3711077
K02000001,United Kingdom,overview,2021/1/23,3733421
K02000001,United Kingdom,overview,2021/1/24,3750975
K02000001,United Kingdom,overview,2021/1/25,3781711
K02000001,United Kingdom,overview,2021/1/26,3809441
K02000001,United Kingdom,overview,2021/1/27,3835744
K02000001,United Kingdom,overview,2021/1/28,3860516
K02000001,United Kingdom,overview,2021/1/29,3882949
K02000001,United Kingdom,overview,2021/1/30,3900116
K02000001,United Kingdom,overview,2021/1/31,3915899
K02000001,United Kingdom,overview,2021/2/1,3938870
K02000001,United Kingdom,overview,2021/2/2,3959138
K02000001,United Kingdom,overview,2021/2/3,3979052
K02000001,United Kingdom,overview,2021/2/4,3997545
K02000001,United Kingdom,overview,2021/2/5,4013853
K02000001,United Kingdom,overview,2021/2/6,4026173
K02000001,United Kingdom,overview,2021/2/7,4037837
K02000001,United Kingdom,overview,2021/2/8,4054030
K02000001,United Kingdom,overview,2021/2/9,4068255
K02000001,United Kingdom,overview,2021/2/10,4082154
K02000001,United Kingdom,overview,2021/2/11,4095293
K02000001,United Kingdom,overview,2021/2/12,4107866
K02000001,United Kingdom,overview,2021/2/13,4116900
K02000001,United Kingdom,overview,2021/2/14,4125894
K02000001,United Kingdom,overview,2021/2/15,4140629
K02000001,United Kingdom,overview,2021/2/16,4153570
K02000001,United Kingdom,overview,2021/2/17,4165512
K02000001,United Kingdom,overview,2021/2/18,4177306
K02000001,United Kingdom,overview,2021/2/19,4188034
K02000001,United Kingdom,overview,2021/2/20,4196346
K02000001,United Kingdom,overview,2021/2/21,4204443
K02000001,United Kingdom,overview,2021/2/22,4216098
K02000001,United Kingdom,overview,2021/2/23,4225860
K02000001,United Kingdom,overview,2021/2/24,4234705
K02000001,United Kingdom,overview,2021/2/25,4242730
K02000001,United Kingdom,overview,2021/2/26,4249513
K02000001,United Kingdom,overview,2021/2/27,4254462
K02000001,United Kingdom,overview,2021/2/28,4259335
K02000001,United Kingdom,overview,2021/3/1,4266527
K02000001,United Kingdom,overview,2021/3/2,4273446
K02000001,United Kingdom,overview,2021/3/3,4279618
K02000001,United Kingdom,overview,2021/3/4,4285555
K02000001,United Kingdom,overview,2021/3/5,4291022
K02000001,United Kingdom,overview,2021/3/6,4295650
K02000001,United Kingdom,overview,2021/3/7,4300060
K02000001,United Kingdom,overview,2021/3/8,4306950
K02000001,United Kingdom,overview,2021/3/9,4313437
K02000001,United Kingdom,overview,2021/3/10,4319688
K02000001,United Kingdom,overview,2021/3/11,4325621
K02000001,United Kingdom,overview,2021/3/12,4331337
K02000001,United Kingdom,overview,2021/3/13,4335716
K02000001,United Kingdom,overview,2021/3/14,4340141
K02000001,United Kingdom,overview,2021/3/15,4346838
K02000001,United Kingdom,overview,2021/3/16,4352687
K02000001,United Kingdom,overview,2021/3/17,4358663
K02000001,United Kingdom,overview,2021/3/18,4364286
K02000001,United Kingdom,overview,2021/3/19,4369462
K02000001,United Kingdom,overview,2021/3/20,4373708
K02000001,United Kingdom,overview,2021/3/21,4379096
K02000001,United Kingdom,overview,2021/3/22,4385554
K02000001,United Kingdom,overview,2021/3/23,4391035
K02000001,United Kingdom,overview,2021/3/24,4397257
K02000001,United Kingdom,overview,2021/3/25,4402873
K02000001,United Kingdom,overview,2021/3/26,4407440
K02000001,United Kingdom,overview,2021/3/27,4411171
K02000001,United Kingdom,overview,2021/3/28,4416200
K02000001,United Kingdom,overview,2021/3/29,4420396
K02000001,United Kingdom,overview,2021/3/30,4424175
K02000001,United Kingdom,overview,2021/3/31,4428142
K02000001,United Kingdom,overview,2021/4/1,4431816
K02000001,United Kingdom,overview,2021/4/2,4434563
K02000001,United Kingdom,overview,2021/4/3,4437069
K02000001,United Kingdom,overview,2021/4/4,4439481
K02000001,United Kingdom,overview,2021/4/5,4442225
K02000001,United Kingdom,overview,2021/4/6,4445537
K02000001,United Kingdom,overview,2021/4/7,4448790
K02000001,United Kingdom,overview,2021/4/8,4451937
K02000001,United Kingdom,overview,2021/4/9,4454889
K02000001,United Kingdom,overview,2021/4/10,4457269
K02000001,United Kingdom,overview,2021/4/11,4459645
K02000001,United Kingdom,overview,2021/4/12,4462523
K02000001,United Kingdom,overview,2021/4/13,4465018
K02000001,United Kingdom,overview,2021/4/14,4467530
K02000001,United Kingdom,overview,2021/4/15,4469874
K02000001,United Kingdom,overview,2021/4/16,4472221
K02000001,United Kingdom,overview,2021/4/17,4473942
K02000001,United Kingdom,overview,2021/4/18,4476526
K02000001,United Kingdom,overview,2021/4/19,4479264
K02000001,United Kingdom,overview,2021/4/20,4481805
K02000001,United Kingdom,overview,2021/4/21,4484514
K02000001,United Kingdom,overview,2021/4/22,4486923
K02000001,United Kingdom,overview,2021/4/23,4488943
K02000001,United Kingdom,overview,2021/4/24,4490507
K02000001,United Kingdom,overview,2021/4/25,4492626
K02000001,United Kingdom,overview,2021/4/26,4495251
K02000001,United Kingdom,overview,2021/4/27,4497429
K02000001,United Kingdom,overview,2021/4/28,4499928
K02000001,United Kingdom,overview,2021/4/29,4502158
K02000001,United Kingdom,overview,2021/4/30,4503983
K02000001,United Kingdom,overview,2021/5/1,4505414
K02000001,United Kingdom,overview,2021/5/2,4506935
K02000001,United Kingdom,overview,2021/5/3,4509019
K02000001,United Kingdom,overview,2021/5/4,4511569
K02000001,United Kingdom,overview,2021/5/5,4514137
K02000001,United Kingdom,overview,2021/5/6,4516462
K02000001,United Kingdom,overview,2021/5/7,4518443
K02000001,United Kingdom,overview,2021/5/8,4520049
K02000001,United Kingdom,overview,2021/5/9,4522356
K02000001,United Kingdom,overview,2021/5/10,4525164
K02000001,United Kingdom,overview,2021/5/11,4527492
K02000001,United Kingdom,overview,2021/5/12,4529827
K02000001,United Kingdom,overview,2021/5/13,4532009
K02000001,United Kingdom,overview,2021/5/14,4533945
K02000001,United Kingdom,overview,2021/5/15,4535571
K02000001,United Kingdom,overview,2021/5/16,4537493
K02000001,United Kingdom,overview,2021/5/17,4540351
K02000001,United Kingdom,overview,2021/5/18,4543163
K02000001,United Kingdom,overview,2021/5/19,4545975
K02000001,United Kingdom,overview,2021/5/20,4548492
K02000001,United Kingdom,overview,2021/5/21,4550857
K02000001,United Kingdom,overview,2021/5/22,4552857
K02000001,United Kingdom,overview,2021/5/23,4555183
K02000001,United Kingdom,overview,2021/5/24,4558551
K02000001,United Kingdom,overview,2021/5/25,4561978
K02000001,United Kingdom,overview,2021/5/26,4565899
K02000001,United Kingdom,overview,2021/5/27,4569646
K02000001,United Kingdom,overview,2021/5/28,4573235
K02000001,United Kingdom,overview,2021/5/29,4576234
K02000001,United Kingdom,overview,2021/5/30,4579398
K02000001,United Kingdom,overview,2021/5/31,4583295
K02000001,United Kingdom,overview,2021/6/1,4588726
K02000001,United Kingdom,overview,2021/6/2,4594894
K02000001,United Kingdom,overview,2021/6/3,4601150
K02000001,United Kingdom,overview,2021/6/4,4607009
K02000001,United Kingdom,overview,2021/6/5,4611740
K02000001,United Kingdom,overview,2021/6/6,4617273
K02000001,United Kingdom,overview,2021/6/7,4625218
K02000001,United Kingdom,overview,2021/6/8,4633114
K02000001,United Kingdom,overview,2021/6/9,4641323
K02000001,United Kingdom,overview,2021/6/10,4649365
K02000001,United Kingdom,overview,2021/6/11,4656984
K02000001,United Kingdom,overview,2021/6/12,4663268
K02000001,United Kingdom,overview,2021/6/13,4670403
K02000001,United Kingdom,overview,2021/6/14,4680765
K02000001,United Kingdom,overview,2021/6/15,4691561
K02000001,United Kingdom,overview,2021/6/16,4702612
K02000001,United Kingdom,overview,2021/6/17,4713718
K02000001,United Kingdom,overview,2021/6/18,4724038
K02000001,United Kingdom,overview,2021/6/19,4732483
K02000001,United Kingdom,overview,2021/6/20,4742570
K02000001,United Kingdom,overview,2021/6/21,4758877
K02000001,United Kingdom,overview,2021/6/22,4776280
K02000001,United Kingdom,overview,2021/6/23,4794630
K02000001,United Kingdom,overview,2021/6/24,4813342
K02000001,United Kingdom,overview,2021/6/25,4831511
K02000001,United Kingdom,overview,2021/6/26,4847811
K02000001,United Kingdom,overview,2021/6/27,4866313
K02000001,United Kingdom,overview,2021/6/28,4894731
K02000001,United Kingdom,overview,2021/6/29,4922930
K02000001,United Kingdom,overview,2021/6/30,4951852
K02000001,United Kingdom,overview,2021/7/1,4980646
K02000001,United Kingdom,overview,2021/7/2,5006986
K02000001,United Kingdom,overview,2021/7/3,5030993
K02000001,United Kingdom,overview,2021/7/4,5056148
K02000001,United Kingdom,overview,2021/7/5,5091044
K02000001,United Kingdom,overview,2021/7/6,5127085
K02000001,United Kingdom,overview,2021/7/7,5165678
K02000001,United Kingdom,overview,2021/7/8,5199677
K02000001,United Kingdom,overview,2021/7/9,5232476
K02000001,United Kingdom,overview,2021/7/10,5260849
K02000001,United Kingdom,overview,2021/7/11,5291351
K02000001,United Kingdom,overview,2021/7/12,5335856
K02000001,United Kingdom,overview,2021/7/13,5383558
K02000001,United Kingdom,overview,2021/7/14,5438466
K02000001,United Kingdom,overview,2021/7/15,5500462
K02000001,United Kingdom,overview,2021/7/16,5555724
K02000001,United Kingdom,overview,2021/7/17,5594197
K02000001,United Kingdom,overview,2021/7/18,5630377
K02000001,United Kingdom,overview,2021/7/19,5678287
K02000001,United Kingdom,overview,2021/7/20,5718156
K02000001,United Kingdom,overview,2021/7/21,5753691
K02000001,United Kingdom,overview,2021/7/22,5784965
K02000001,United Kingdom,overview,2021/7/23,5812729
K02000001,United Kingdom,overview,2021/7/24,5835577
K02000001,United Kingdom,overview,2021/7/25,5857749
K02000001,United Kingdom,overview,2021/7/26,5887726
K02000001,United Kingdom,overview,2021/7/27,5917300
K02000001,United Kingdom,overview,2021/7/28,5947535
K02000001,United Kingdom,overview,2021/7/29,5975964
K02000001,United Kingdom,overview,2021/7/30,6000709
K02000001,United Kingdom,overview,2021/7/31,6021277
K02000001,United Kingdom,overview,2021/8/1,6042176
K02000001,United Kingdom,overview,2021/8/2,6072010
K02000001,United Kingdom,overview,2021/8/3,6102455
K02000001,United Kingdom,overview,2021/8/4,6134791
K02000001,United Kingdom,overview,2021/8/5,6166452
K02000001,United Kingdom,overview,2021/8/6,6194509
K02000001,United Kingdom,overview,2021/8/7,6217076
K02000001,United Kingdom,overview,2021/8/8,6239958
K02000001,United Kingdom,overview,2021/8/9,6272116
K02000001,United Kingdom,overview,2021/8/10,6303630
K02000001,United Kingdom,overview,2021/8/11,6336976
K02000001,United Kingdom,overview,2021/8/12,6368698
K02000001,United Kingdom,overview,2021/8/13,6397666
K02000001,United Kingdom,overview,2021/8/14,6422722
K02000001,United Kingdom,overview,2021/8/15,6448044
K02000001,United Kingdom,overview,2021/8/16,6484939
K02000001,United Kingdom,overview,2021/8/17,6522848
K02000001,United Kingdom,overview,2021/8/18,6561584
K02000001,United Kingdom,overview,2021/8/19,6598067
K02000001,United Kingdom,overview,2021/8/20,6630290
K02000001,United Kingdom,overview,2021/8/21,6658805
K02000001,United Kingdom,overview,2021/8/22,6687532
K02000001,United Kingdom,overview,2021/8/23,6727241
K02000001,United Kingdom,overview,2021/8/24,6764912
K02000001,United Kingdom,overview,2021/8/25,6803680
K02000001,United Kingdom,overview,2021/8/26,6841286
K02000001,United Kingdom,overview,2021/8/27,6875020
K02000001,United Kingdom,overview,2021/8/28,6902612
K02000001,United Kingdom,overview,2021/8/29,6928743
K02000001,United Kingdom,overview,2021/8/30,6963498
K02000001,United Kingdom,overview,2021/8/31,7008702
K02000001,United Kingdom,overview,2021/9/1,7052218
K02000001,United Kingdom,overview,2021/9/2,7094528
K02000001,United Kingdom,overview,2021/9/3,7133154
K02000001,United Kingdom,overview,2021/9/4,7164957
K02000001,United Kingdom,overview,2021/9/5,7196756
K02000001,United Kingdom,overview,2021/9/6,7241671
K02000001,United Kingdom,overview,2021/9/7,7280280
K02000001,United Kingdom,overview,2021/9/8,7316119
K02000001,United Kingdom,overview,2021/9/9,7350084
K02000001,United Kingdom,overview,2021/9/10,7379257
K02000001,United Kingdom,overview,2021/9/11,7402788
K02000001,United Kingdom,overview,2021/9/12,7426841
K02000001,United Kingdom,overview,2021/9/13,7461492
K02000001,United Kingdom,overview,2021/9/14,7492909
K02000001,United Kingdom,overview,2021/9/15,7523284
K02000001,United Kingdom,overview,2021/9/16,7552832
K02000001,United Kingdom,overview,2021/9/17,7582296
K02000001,United Kingdom,overview,2021/9/18,7608935
K02000001,United Kingdom,overview,2021/9/19,7640018
K02000001,United Kingdom,overview,2021/9/20,7680774
K02000001,United Kingdom,overview,2021/9/21,7719609
K02000001,United Kingdom,overview,2021/9/22,7756358
K02000001,United Kingdom,overview,2021/9/23,7792195
K02000001,United Kingdom,overview,2021/9/24,7824291
K02000001,United Kingdom,overview,2021/9/25,7852852
K02000001,United Kingdom,overview,2021/9/26,7884916
K02000001,United Kingdom,overview,2021/9/27,7926495
K02000001,United Kingdom,overview,2021/9/28,7963036
K02000001,United Kingdom,overview,2021/9/29,7997855
K02000001,United Kingdom,overview,2021/9/30,8030442
K02000001,United Kingdom,overview,2021/10/1,8059492
K02000001,United Kingdom,overview,2021/10/2,8085801
K02000001,United Kingdom,overview,2021/10/3,8117852
K02000001,United Kingdom,overview,2021/10/4,8161579
K02000001,United Kingdom,overview,2021/10/5,8200842
K02000001,United Kingdom,overview,2021/10/6,8240097
K02000001,United Kingdom,overview,2021/10/7,8278559
K02000001,United Kingdom,overview,2021/10/8,8314156
K02000001,United Kingdom,overview,2021/10/9,8346452
K02000001,United Kingdom,overview,2021/10/10,8382858
K02000001,United Kingdom,overview,2021/10/11,8433143
K02000001,United Kingdom,overview,2021/10/12,8481442
K02000001,United Kingdom,overview,2021/10/13,8529207
K02000001,United Kingdom,overview,2021/10/14,8575619
K02000001,United Kingdom,overview,2021/10/15,8619164
K02000001,United Kingdom,overview,2021/10/16,8657036
K02000001,United Kingdom,overview,2021/10/17,8700783
K02000001,United Kingdom,overview,2021/10/18,8758511
K02000001,United Kingdom,overview,2021/10/19,8811022
K02000001,United Kingdom,overview,2021/10/20,8862672
K02000001,United Kingdom,overview,2021/10/21,8907865
K02000001,United Kingdom,overview,2021/10/22,8948523
K02000001,United Kingdom,overview,2021/10/23,8983619
K02000001,United Kingdom,overview,2021/10/24,9019376
K02000001,United Kingdom,overview,2021/10/25,9066823
K02000001,United Kingdom,overview,2021/10/26,9108932
K02000001,United Kingdom,overview,2021/10/27,9151967
K02000001,United Kingdom,overview,2021/10/28,9193341
K02000001,United Kingdom,overview,2021/10/29,9233581
K02000001,United Kingdom,overview,2021/10/30,9267137
K02000001,United Kingdom,overview,2021/10/31,9301931
K02000001,United Kingdom,overview,2021/11/1,9347033
K02000001,United Kingdom,overview,2021/11/2,9385040
K02000001,United Kingdom,overview,2021/11/3,9421012
K02000001,United Kingdom,overview,2021/11/4,9454664
K02000001,United Kingdom,overview,2021/11/5,9484977
K02000001,United Kingdom,overview,2021/11/6,9512407
K02000001,United Kingdom,overview,2021/11/7,9542989
K02000001,United Kingdom,overview,2021/11/8,9587111
K02000001,United Kingdom,overview,2021/11/9,9629348
K02000001,United Kingdom,overview,2021/11/10,9672274
K02000001,United Kingdom,overview,2021/11/11,9713260
K02000001,United Kingdom,overview,2021/11/12,9751018
K02000001,United Kingdom,overview,2021/11/13,9783897
K02000001,United Kingdom,overview,2021/11/14,9819402
K02000001,United Kingdom,overview,2021/11/15,9870348
K02000001,United Kingdom,overview,2021/11/16,9916766
K02000001,United Kingdom,overview,2021/11/17,9962654
K02000001,United Kingdom,overview,2021/11/18,10006704
K02000001,United Kingdom,overview,2021/11/19,10046293
K02000001,United Kingdom,overview,2021/11/20,10081620
K02000001,United Kingdom,overview,2021/11/21,10118865
K02000001,United Kingdom,overview,2021/11/22,10169586
K02000001,United Kingdom,overview,2021/11/23,10217768
K02000001,United Kingdom,overview,2021/11/24,10264527
K02000001,United Kingdom,overview,2021/11/25,10307936
K02000001,United Kingdom,overview,2021/11/26,10347260
K02000001,United Kingdom,overview,2021/11/27,10380550
K02000001,United Kingdom,overview,2021/11/28,10420242
K02000001,United Kingdom,overview,2021/11/29,10476525
K02000001,United Kingdom,overview,2021/11/30,10532210
K02000001,United Kingdom,overview,2021/12/1,10587019
K02000001,United Kingdom,overview,2021/12/2,10637322
K02000001,United Kingdom,overview,2021/12/3,10682981
K02000001,United Kingdom,overview,2021/12/4,10721760
K02000001,United Kingdom,overview,2021/12/5,10762774
K02000001,United Kingdom,overview,2021/12/6,10822438
K02000001,United Kingdom,overview,2021/12/7,10878666
K02000001,United Kingdom,overview,2021/12/8,10937455
K02000001,United Kingdom,overview,2021/12/9,10994433
K02000001,United Kingdom,overview,2021/12/10,11046909
K02000001,United Kingdom,overview,2021/12/11,11095499
K02000001,United Kingdom,overview,2021/12/12,11148638
K02000001,United Kingdom,overview,2021/12/13,11235789
K02000001,United Kingdom,overview,2021/12/14,11338540
K02000001,United Kingdom,overview,2021/12/15,11451212
K02000001,United Kingdom,overview,2021/12/16,11557248
K02000001,United Kingdom,overview,2021/12/17,11653114
K02000001,United Kingdom,overview,2021/12/18,11741990
K02000001,United Kingdom,overview,2021/12/19,11831115
K02000001,United Kingdom,overview,2021/12/20,11965058
K02000001,United Kingdom,overview,2021/12/21,12115326
K02000001,United Kingdom,overview,2021/12/22,12276856
K02000001,United Kingdom,overview,2021/12/23,12437475
K02000001,United Kingdom,overview,2021/12/24,12574734
K02000001,United Kingdom,overview,2021/12/25,12645089
K02000001,United Kingdom,overview,2021/12/26,12761347
K02000001,United Kingdom,overview,2021/12/27,12956314
K02000001,United Kingdom,overview,2021/12/28,13168735
K02000001,United Kingdom,overview,2021/12/29,13441478
K02000001,United Kingdom,overview,2021/12/30,13678016
K02000001,United Kingdom,overview,2021/12/31,13866526
K02000001,United Kingdom,overview,2022/1/1,13984705
K02000001,United Kingdom,overview,2022/1/2,14165723
K02000001,United Kingdom,overview,2022/1/3,14395552
K02000001,United Kingdom,overview,2022/1/4,14671151
K02000001,United Kingdom,overview,2022/1/5,14893246
K02000001,United Kingdom,overview,2022/1/6,15066121
K02000001,United Kingdom,overview,2022/1/7,15186364
K02000001,United Kingdom,overview,2022/1/8,15279919
K02000001,United Kingdom,overview,2022/1/9,15375628
K02000001,United Kingdom,overview,2022/1/10,15508302
K02000001,United Kingdom,overview,2022/1/11,15623481
K02000001,United Kingdom,overview,2022/1/12,15726622
K02000001,United Kingdom,overview,2022/1/13,15822941
K02000001,United Kingdom,overview,2022/1/14,15909181
K02000001,United Kingdom,overview,2022/1/15,15987060
K02000001,United Kingdom,overview,2022/1/16,16085063
K02000001,United Kingdom,overview,2022/1/17,16216443
K02000001,United Kingdom,overview,2022/1/18,16335113
K02000001,United Kingdom,overview,2022/1/19,16446761
K02000001,United Kingdom,overview,2022/1/20,16546985
K02000001,United Kingdom,overview,2022/1/21,16638492
K02000001,United Kingdom,overview,2022/1/22,16720137
K02000001,United Kingdom,overview,2022/1/23,16822445
K02000001,United Kingdom,overview,2022/1/24,16949686
K02000001,United Kingdom,overview,2022/1/25,17062800
K02000001,United Kingdom,overview,2022/1/26,17171433
K02000001,United Kingdom,overview,2022/1/27,17267573
K02000001,United Kingdom,overview,2022/1/28,17351559
K02000001,United Kingdom,overview,2022/1/29,17425025
K02000001,United Kingdom,overview,2022/1/30,17512539
K02000001,United Kingdom,overview,2022/1/31,17617426
K02000001,United Kingdom,overview,2022/2/1,17711154
K02000001,United Kingdom,overview,2022/2/2,17799529
K02000001,United Kingdom,overview,2022/2/3,17876097
K02000001,United Kingdom,overview,2022/2/4,17939256
K02000001,United Kingdom,overview,2022/2/5,17991527
K02000001,United Kingdom,overview,2022/2/6,18052043
K02000001,United Kingdom,overview,2022/2/7,18128485
K02000001,United Kingdom,overview,2022/2/8,18198088
K02000001,United Kingdom,overview,2022/2/9,18262356
K02000001,United Kingdom,overview,2022/2/10,18314604
K02000001,United Kingdom,overview,2022/2/11,18359120
K02000001,United Kingdom,overview,2022/2/12,18396521
K02000001,United Kingdom,overview,2022/2/13,18438243
K02000001,United Kingdom,overview,2022/2/14,18492905
K02000001,United Kingdom,overview,2022/2/15,18545349
K02000001,United Kingdom,overview,2022/2/16,18596862
K02000001,United Kingdom,overview,2022/2/17,18641529
K02000001,United Kingdom,overview,2022/2/18,18674743
K02000001,United Kingdom,overview,2022/2/19,18709382
K02000001,United Kingdom,overview,2022/2/20,18747047
K02000001,United Kingdom,overview,2022/2/21,18792134
K02000001,United Kingdom,overview,2022/2/22,18831248
K02000001,United Kingdom,overview,2022/2/23,18867687
K02000001,United Kingdom,overview,2022/2/24,18898271
K02000001,United Kingdom,overview,2022/2/25,18926070
K02000001,United Kingdom,overview,2022/2/26,18951124
K02000001,United Kingdom,overview,2022/2/27,18982459
K02000001,United Kingdom,overview,2022/2/28,19027052
K02000001,United Kingdom,overview,2022/3/1,19071781
K02000001,United Kingdom,overview,2022/3/2,19117910
K02000001,United Kingdom,overview,2022/3/3,19161610
K02000001,United Kingdom,overview,2022/3/4,19202962
K02000001,United Kingdom,overview,2022/3/5,19241676
K02000001,United Kingdom,overview,2022/3/6,19290652
K02000001,United Kingdom,overview,2022/3/7,19359107
K02000001,United Kingdom,overview,2022/3/8,19429118
K02000001,United Kingdom,overview,2022/3/9,19502544
K02000001,United Kingdom,overview,2022/3/10,19572958
K02000001,United Kingdom,overview,2022/3/11,19639907
K02000001,United Kingdom,overview,2022/3/12,19701891
K02000001,United Kingdom,overview,2022/3/13,19777525
K02000001,United Kingdom,overview,2022/3/14,19877242
K02000001,United Kingdom,overview,2022/3/15,19970746
K02000001,United Kingdom,overview,2022/3/16,20062226
K02000001,United Kingdom,overview,2022/3/17,20144974
K02000001,United Kingdom,overview,2022/3/18,20220187
K02000001,United Kingdom,overview,2022/3/19,20287528
K02000001,United Kingdom,overview,2022/3/20,20368517
K02000001,United Kingdom,overview,2022/3/21,20477729
K02000001,United Kingdom,overview,2022/3/22,20576710
K02000001,United Kingdom,overview,2022/3/23,20670776
K02000001,United Kingdom,overview,2022/3/24,20753562
K02000001,United Kingdom,overview,2022/3/25,20825942
K02000001,United Kingdom,overview,2022/3/26,20887352
K02000001,United Kingdom,overview,2022/3/27,20955627
K02000001,United Kingdom,overview,2022/3/28,21048313
K02000001,United Kingdom,overview,2022/3/29,21128310
K02000001,United Kingdom,overview,2022/3/30,21201834
K02000001,United Kingdom,overview,2022/3/31,21256479
